<?xml version="1.0" encoding="UTF-8" standalone="yes"?>
<addon id="plugin.video.TeevanBuild" name="TeevanBuild" version="1.0.0" provider-name="Teevan85">
  <requires>
    <import addon="xbmc.python" version="2.1.0"/>
  </requires>
  <extension point="xbmc.python.pluginsource" library="default.py">
        <provides>video executable</provides>
  </extension>
  <extension point="xbmc.addon.metadata">
    <summary lang="en">MyKodiBuild Wizard</summary>
    <description lang="en">,My first attempt enjoy!</description>
    <platform>all</platform>
  </extension>
</addon>
